method,confidence_level,var_return,var_usd,cvar_return,cvar_usd,portfolio_value
Historical,90%,-0.020838350951528285,-2083.8350951528287,-0.031701346618753824,-3170.1346618753823,100000.0
Historical,95%,-0.029139577776465187,-2913.957777646519,-0.03923508422238894,-3923.5084222388937,100000.0
Historical,99%,-0.04510895986639545,-4510.895986639545,-0.05410336519054474,-5410.336519054474,100000.0
